seller_state,customer_state,orders,avg_score,bad_rate,late_rate,avg_delivery_days,avg_transit_days,avg_distance_km,gmv,lane,excess_detractors,gmv_exposure,sar_share
SP,RJ,8047,3.887162917857587,0.20156580091959736,0.15359761401764632,16.20494214545103,12.851694040567224,440.3738026521266,1044224.55,SP to RJ,593.1359773964001,76968.70250845856,0.4514072645119407
SP,BA,2288,3.870629370629371,0.18269230769230768,0.1472902097902098,19.76252458479021,16.46417237276612,1388.5043021156027,310023.56,SP to BA,125.46354123064042,17000.28570914769,0.09970354465887545
PR,RJ,954,3.888888888888889,0.20230607966457023,0.13626834381551362,17.159881638714186,13.679179769392034,843.37314672929,144569.54,PR to RJ,71.02457095018836,10763.091772501148,0.06312355095477651
SP,SC,2300,4.034782608695652,0.14956521739130435,0.10956521739130434,15.767374396135263,12.492436659897496,561.1513189495026,296786.42,SP to SC,49.92925910422772,6442.750462085283,0.037785544867452434
SP,MA,486,3.7098765432098766,0.2242798353909465,0.20781893004115226,21.877612025605853,18.484587905807043,2178.1684156175,66237.2,SP to MA,46.86157388028464,6386.788974121789,0.037457341047245865
SP,PA,671,3.8599105812220564,0.18479880774962743,0.12816691505216096,23.22421344593476,19.870772271899323,2321.162704552832,109408.97,SP to PA,38.20805776475513,6229.961618095918,0.0365375774878108
SP,CE,961,3.959417273673257,0.1696149843912591,0.15192507804370448,21.105330095964852,17.846574748525843,2257.68925134711,148465.03,SP to CE,40.12957304311427,6199.623585570396,0.03635965051455157
SP,AL,253,3.727272727272727,0.23715415019762845,0.25691699604743085,24.970959595959595,21.650691699604742,1902.7918980033674,41107.47,SP to AL,27.652218501465047,4492.93574103723,0.026350240635362926
SP,PE,1115,4.043946188340807,0.15426008968609867,0.10672645739910314,18.844000996512207,15.588195067264575,2048.288998246127,155782.54,SP to PE,29.439619087484317,4113.164697830304,0.02412295341123381
SC,RJ,461,3.9609544468546636,0.18004338394793926,0.09978308026030369,16.287716919739697,13.146621173776813,785.0157038608129,76791.19,SC to RJ,24.057994976977813,4007.466514742189,0.023503053034370305
SP,DF,1371,4.080233406272794,0.14514952589350838,0.08315098468271334,13.261909392981602,10.093282478320772,806.9586901602061,174279.8,SP to DF,23.70826705734616,3013.765164916759,0.017675177632453208
SP,ES,1443,4.054747054747055,0.14414414414414414,0.1386001386001386,15.679360129360129,12.365891372141373,784.9144893417053,181108.26,SP to ES,23.502574298869817,2949.764613159413,0.017299826183689165
SP,GO,1411,4.053862508858965,0.14245216158752658,0.09071580439404678,15.985627805339004,12.78462477360422,747.1207114441374,184227.63,SP to GO,20.593993302637088,2688.860792615665,0.01576967332812525
SP,SE,207,3.816425120772947,0.19806763285024154,0.1642512077294686,21.187691223832527,17.822876409017713,1724.1146408908137,33543.08,SP to SE,14.533633319380492,2355.086111703601,0.013812146297481816
PR,BA,141,3.8226950354609928,0.19148936170212766,0.16312056737588654,21.835244286840034,17.724162726556344,1762.2000281994237,33147.6,PR to BA,8.972185014650481,2109.2652481675764,0.012370452206866668
SP,PB,332,4.033132530120482,0.15963855421686746,0.10843373493975904,20.379461596385543,16.80305388219545,2163.3401042722553,65162.17,SP to PB,10.551527835914603,2070.965212661444,0.01214582955252696
SP,PI,324,3.9598765432098766,0.1697530864197531,0.18209876543209877,20.34344993141289,16.98213091563786,2016.085244688959,48923.95,SP to PI,13.574382586856427,2049.7296758031925,0.012021287039905387
RJ,PR,200,4.095,0.175,0.085,12.736059027777777,10.052902777777778,824.8750380764394,40627.08,RJ to PR,9.42863122645458,1915.2887756383418,0.011232815921072782
SP,MS,476,4.092436974789916,0.15336134453781514,0.14495798319327732,15.97093108076564,12.760136554621848,808.5631614089027,72653.4,SP to MS,12.140142318961914,1852.9886889841753,0.010867437386955963
RJ,SP,1302,4.15668202764977,0.1336405529953917,0.09062980030721966,11.746906468680663,8.988164575866188,402.31389682755423,258521.1,RJ to SP,7.5303892842193445,1495.2108457639,0.008769136230153978
RS,RJ,234,4.115384615384615,0.15384615384615385,0.08547008547008547,14.001854819563153,10.367916073124407,1121.320667016655,47589.1,RS to RJ,6.081498534951865,1236.8078714943495,0.007253650377395211
MG,RJ,1126,4.142095914742451,0.13321492007104796,0.09236234458259325,14.053551781132821,11.067905688770475,370.7789977813619,146234.0,MG to RJ,6.033193804939308,783.5329155164251,0.004595276242437185
SC,MG,423,4.1063829787234045,0.13711583924349882,0.05200945626477541,14.761664368268978,11.391047741003414,948.3549806140021,79407.06,SC to MG,3.916555043951446,735.229601343629,0.004311986201069961
MA,SP,122,3.9262295081967213,0.18032786885245902,0.2459016393442623,16.135325591985428,10.859494535519126,2331.959073932336,11210.75,MA to SP,6.401465048137297,588.2395433475837,0.0034499165827968133
SP,RS,3571,4.126015121814618,0.12881545785494258,0.07588910669280313,16.14314812221911,12.971896202925615,906.585721722981,437198.55,SP to RS,3.4232105483465536,419.1046452203355,0.002457971555677038
DF,MG,101,4.0,0.15841584158415842,0.009900990099009901,9.326292629262927,6.9224903740374035,602.6745013965111,11955.25,DF to MG,3.086458769359565,365.3404574493657,0.002142654496412168
SP,RN,327,4.107033639143731,0.1345565749235474,0.11926605504587157,20.471924906557934,17.026966530750933,2259.825022449488,53945.74,SP to RN,2.1908120552532404,361.42194960720775,0.0021196731696085528
SP,TO,197,4.106598984771574,0.13705583756345177,0.12690355329949238,17.775987027636774,14.312076988155667,1479.694109718823,35558.79,SP to TO,1.8122017580577636,327.1050850375981,0.0019184110792115911
RJ,RS,197,4.223350253807107,0.13705583756345177,0.09644670050761421,15.822595882684716,12.739015792442189,1181.70973365663,34749.4,RJ to RS,1.8122017580577636,319.6595115302155,0.0018747441618782662
MG,BA,364,4.118131868131868,0.13186813186813187,0.10164835164835165,18.036122557997558,14.966042811355312,1047.793543249212,44564.28,MG to BA,1.4601088321473432,178.76016161067912,0.0010483954247185235
PR,ES,105,4.076190476190476,0.13333333333333333,0.08571428571428572,17.711183862433863,14.19763888888889,1190.862366644742,15966.380000000001,PR to ES,0.5750313938886562,87.43971187386632,0.0005128178059433515
SP,MG,7373,4.150006781500068,0.12423708124237082,0.0625254306252543,12.316809737480597,9.090162005636945,495.2213858907853,915269.97,SP to MG,-26.688509836751745,0.0,0.0
SP,MT,644,4.175465838509317,0.12267080745341614,0.06366459627329192,17.6140312284334,14.394710791925466,1344.5444676719728,95463.24,SP to MT,-3.339807450816244,0.0,0.0
SC,SP,1306,4.223583460949464,0.11791730474732007,0.043644716692189896,12.078098413306108,9.042660477284327,511.9263604258967,197990.55,SC to SP,-12.98103809125156,0.0,0.0
SP,PR,3095,4.189337641357027,0.11922455573505654,0.05298869143780291,12.750446284329563,9.544319915634537,463.15220806367654,390818.59,SP to PR,-26.716931770615332,0.0,0.0
SP,RO,168,4.232142857142857,0.10119047619047619,0.02976190476190476,19.384945436507934,16.398363095238096,2197.6317510723275,26351.89,SP to RO,-4.47994976977815,0.0,0.0
SC,SC,255,4.407843137254902,0.08235294117647059,0.06274509803921569,8.535898692810457,5.505669934640523,146.770675666463,45971.409999999996,SC to SC,-11.603495186270406,0.0,0.0
SC,RS,288,4.3125,0.1076388888888889,0.059027777777777776,12.82157600308642,9.71662567515432,419.208287191135,45072.31,SC to RS,-5.822771033905398,0.0,0.0
SP,SP,30477,4.250024608721331,0.10657216917675624,0.06178429635462808,7.910793407961559,4.789178992896008,150.05259918518212,3491684.03,SP to SP,-648.6930305567183,0.0,0.0
SC,PR,282,4.386524822695035,0.07446808510638298,0.031914893617021274,11.086244089834516,8.425130516154452,328.99100581572935,42583.74,SC to PR,-15.055629970699039,0.0,0.0
BA,SP,136,4.198529411764706,0.10294117647058823,0.051470588235294115,11.367933006535948,8.309140114379085,1421.1903101219907,72555.64,BA to SP,-3.388530766010884,0.0,0.0
RS,SP,663,4.355957767722473,0.07541478129713423,0.02262443438914027,10.14258945031004,6.910781722054381,861.6344158231807,115733.46,RS to SP,-34.76908748430306,0.0,0.0
RS,SC,116,4.568965517241379,0.034482758620689655,0.0,9.369330699233716,6.271420019157088,352.61623092683135,20113.69,RS to SC,-10.831393888656342,0.0,0.0
DF,SP,307,4.17915309446254,0.10749185667752444,0.029315960912052116,10.844790535649656,7.795251990589939,822.2762428862977,35511.03,DF to SP,-6.2520510673922125,0.0,0.0
GO,SP,125,4.376,0.072,0.04,10.889316666666668,8.303905555555556,763.6681142099724,21306.7,GO to SP,-6.982105483465886,0.0,0.0
MG,DF,185,4.286486486486487,0.08648648648648649,0.032432432432432434,11.918926426426426,8.782856606606607,602.9551916605225,32276.22,MG to DF,-7.653516115529509,0.0,0.0
MG,ES,166,4.174698795180723,0.12650602409638553,0.04216867469879518,15.152610441767068,11.37154032797858,519.9685545445665,19065.06,MG to ES,-0.22423608204269718,0.0,0.0
MG,GO,148,4.162162162162162,0.12162162162162163,0.02702702702702703,14.20053490990991,11.306217154654654,633.7238355602624,19007.48,MG to GO,-0.9228128924236072,0.0,0.0
MG,MG,1513,4.359550561797753,0.08592200925313946,0.031725049570389956,8.656736983182787,5.592566549010956,259.8776559184371,176483.35,MG to MG,-63.44740477187107,0.0,0.0
MG,PE,109,4.385321100917431,0.10091743119266056,0.08256880733944955,16.657931957186545,13.514589704383283,1696.8980063716533,12203.39,MG to PE,-2.9363959815822516,0.0,0.0
MG,PR,361,4.332409972299169,0.07756232686980609,0.019390581717451522,12.745500538627269,9.669769544475223,812.2727099479205,47053.82,MG to PR,-18.15632063624948,0.0,0.0
MG,RS,274,4.2226277372262775,0.11313868613138686,0.051094890510948905,17.237687550689376,14.001125304136254,1250.5405778673505,34308.51,MG to RS,-4.03277521975722,0.0,0.0
MG,SC,250,4.12,0.124,0.084,16.93406388888889,13.171044444444444,908.3161774950258,34171.86,MG to SC,-0.9642109669317709,0.0,0.0
MG,SP,2531,4.248123271434216,0.09798498617147372,0.04227578032398262,10.879015760129944,7.712625988142292,417.5892393538426,311808.2,MG to SP,-75.60567182921726,0.0,0.0
PE,SP,104,4.365384615384615,0.09615384615384616,0.028846153846153848,11.891493055555555,9.640184294871794,2098.262353523893,23153.22,PE to SP,-3.297111762243616,0.0,0.0
PR,DF,147,4.238095238095238,0.12244897959183673,0.04081632653061224,13.213298374905518,10.28156179138322,1041.8078609946274,25810.28,PR to DF,-0.7949560485558815,0.0,0.0
PR,MG,815,4.219631901840491,0.11533742331288344,0.051533742331288344,13.84767382413088,10.269789960414961,881.6912383300752,138450.34,PR to MG,-10.203327752197572,0.0,0.0
PR,PR,701,4.392296718972895,0.07845934379457917,0.0442225392296719,8.161406324298621,4.878596053257252,218.61235617439056,101924.32,PR to PR,-34.62764755127669,0.0,0.0
PR,RS,580,4.2844827586206895,0.1,0.05172413793103448,13.343044779693487,10.16233596743295,628.4350980090237,85839.95,PR to RS,-16.156969443281703,0.0,0.0
PR,SC,387,4.325581395348837,0.09819121447028424,0.06459948320413436,13.255943152454781,10.032477390180878,386.8051143019829,58713.37,PR to SC,-11.48059857681038,0.0,0.0
PR,SP,2900,4.273103448275862,0.09896551724137931,0.03413793103448276,11.080385057471263,7.693195978069166,469.65069338353067,451214.26,PR to SP,-83.78484721640855,0.0,0.0
RJ,BA,133,4.18796992481203,0.11278195488721804,0.10526315789473684,16.922389306599833,14.196130952380951,1187.1375568347862,26172.99,RJ to BA,-2.0049602344077027,0.0,0.0
RJ,GO,104,4.230769230769231,0.10576923076923077,0.0673076923076923,15.127704326923077,12.489983974358974,958.1217720083944,17813.25,RJ to GO,-2.297111762243617,0.0,0.0
RJ,MG,540,4.277777777777778,0.10555555555555556,0.06851851851851852,12.013505658436214,9.390551697530864,379.45733708422216,104570.03,RJ to MG,-12.042695688572625,0.0,0.0
RJ,RJ,933,4.371918542336549,0.09860664523043944,0.06430868167202572,6.528138025485292,3.8312730737168033,55.211216266560015,178786.58000000002,RJ to RJ,-27.29043532858937,0.0,0.0
RJ,SC,110,4.263636363636364,0.09090909090909091,0.1,14.92685606060606,11.769135101010102,805.4683855068445,21780.64,RJ to SC,-4.064252825449978,0.0,0.0
RS,PR,139,4.35251798561151,0.07913669064748201,0.04316546762589928,10.098271382893685,6.316087130295764,580.7696076553012,18888.77,RS to PR,-6.772101297614065,0.0,0.0
RS,RS,285,4.568421052631579,0.042105263157894736,0.05263157894736842,7.357950779727096,3.91661306042885,145.12431801748983,55457.06,RS to RS,-24.43920050230222,0.0,0.0
RS,MG,186,4.451612903225806,0.053763440860215055,0.026881720430107527,11.752314814814815,8.534188321385901,1294.9036275398296,42769.54,RS to MG,-13.781372959397236,0.0,0.0
