term,z,n_bad,n_good,gloss
recebi,41.39687324101366,2992.0,1428.0,I received
comprei,35.73838365705466,1778.0,567.0,I bought
agora,22.67395948890599,666.0,158.0,
pedido,19.94735750888946,746.0,370.0,order
apenas,19.684104936979736,525.0,148.0,only
veio,19.22603635986763,1366.0,1111.0,came
contato,18.6223185391493,450.0,53.0,contact
dois,18.36115735182923,443.0,111.0,
aguardando,18.095143136876146,421.0,53.0,waiting
dia,17.61478221821475,623.0,331.0,
momento,16.998727779645822,365.0,67.0,
estou,16.38722238556107,916.0,712.0,
paguei,16.254640658822403,335.0,49.0,
fiz,15.953869416704082,379.0,134.0,
aguardo,15.429939099887214,306.0,39.0,
diferente,15.35502772520399,305.0,70.0,different
receber,15.036134772608055,311.0,91.0,
duas,14.89462670777631,299.0,82.0,
hoje,14.650841179469898,272.0,52.0,
errado,14.643360369961604,271.0,49.0,wrong
saber,14.5967937937566,269.0,45.0,
resposta,14.476203482017546,329.0,19.0,reply
pedi,14.457455422408314,291.0,88.0,
troca,14.378971574450267,265.0,57.0,
retorno,14.310188841896474,302.0,21.0,
falta,13.908788183840919,258.0,68.0,
devolução,13.80945162470564,250.0,28.0,return
fiscal,13.484922231450463,251.0,74.0,invoice
nenhuma,13.254273654430452,222.0,36.0,
somente,13.20078202837882,246.0,77.0,
faltando,13.184261859646066,220.0,34.0,
dinheiro,13.1573350791194,307.0,13.0,money
defeito,13.099014285735256,247.0,81.0,defect
gostaria,12.874824699841424,232.0,71.0,
devolver,12.029483932676321,185.0,25.0,to return
demora,11.688662534899237,201.0,69.0,
mês,11.59708218483559,172.0,36.0,
sendo,11.502289070389812,192.0,64.0,
preciso,11.476001661214712,199.0,72.0,
ninguém,11.414487920620015,176.0,17.0,nobody
unidades,11.353164538446526,169.0,19.0,units
volta,11.33965255597667,185.0,14.0,
solicitei,11.310404895528155,164.0,35.0,
consigo,11.229573739226733,180.0,14.0,
esperando,11.170693495178487,158.0,29.0,waiting
depois,11.14416981870045,215.0,96.0,
entregaram,11.113952222520545,266.0,150.0,they delivered
email,10.853380491351574,149.0,24.0,
enviaram,10.764239655800989,147.0,22.0,
cancelamento,10.75048599236077,150.0,18.0,cancellation
consta,10.71975812515286,149.0,18.0,
ruim,10.713485861693888,150.0,36.0,bad
tive,10.711676103893145,374.0,282.0,
mail,10.371298922900582,136.0,23.0,
atraso,10.30240256793041,174.0,72.0,delay
valor,10.119155708871066,208.0,111.0,
satisfação,9.90416622197831,142.0,47.0,
kit,9.819088056119748,147.0,54.0,
correios,9.746782972826383,328.0,255.0,postal service
estoque,9.668425987190474,119.0,17.0,
pago,9.614262588153636,117.0,21.0,
péssima,9.578310017598506,182.0,6.0,
entregar,9.52830517561357,160.0,73.0,
totalmente,9.427150925565625,130.0,44.0,
quebrado,9.379401332078178,112.0,16.0,broken
resolver,9.340530995190065,111.0,16.0,
péssimo,9.302057371822904,146.0,7.0,terrible
fazer,9.249165486290503,203.0,124.0,
respeito,9.248887380799237,115.0,31.0,
nunca,9.163041341385043,205.0,128.0,never
obtive,9.119483952999316,112.0,11.0,
infelizmente,9.114748812993597,115.0,34.0,
mandaram,9.109307607117984,105.0,17.0,
cartão,9.061416545564748,109.0,28.0,
reclamação,9.052605141211867,105.0,14.0,
targaryen,8.909666475853143,166.0,91.0,
passou,8.90195676525814,118.0,8.0,
problema,8.882615005203165,301.0,246.0,
chegar,8.865467153842937,182.0,109.0,to arrive
seja,8.818803557569948,120.0,45.0,
deram,8.616925891959397,94.0,15.0,
quase,8.598783128097512,126.0,55.0,
comprado,8.56280659747422,158.0,89.0,bought
itens,8.555737485711443,98.0,26.0,
correio,8.453342324603694,170.0,104.0,
cancelar,8.427358685606155,107.0,7.0,to cancel
entrei,8.382538777731504,89.0,14.0,
presente,8.38028850882453,176.0,112.0,
unidade,8.346961523273745,104.0,7.0,unit
inferior,8.340346624250275,88.0,15.0,
entrar,8.276144693637743,110.0,6.0,
modelo,8.266166084819437,103.0,37.0,
item,8.243520310262564,88.0,20.0,
mercadoria,8.165183036035227,257.0,211.0,
cor,8.106946116257793,202.0,147.0,
mandei,8.08002401221255,87.0,9.0,
faz,8.035808654403406,111.0,49.0,
espero,8.032359184925353,149.0,89.0,
informação,8.020204856750468,84.0,20.0,
absurdo,8.001473327952828,99.0,6.0,
dias,7.95682039399142,395.0,393.0,
sei,7.948124384052856,127.0,67.0,
empresa,7.880570582506456,261.0,223.0,
errada,7.865885149954294,80.0,18.0,
favor,7.828621555757545,80.0,19.0,
posição,7.758922934034934,81.0,8.0,
status,7.7581534999485156,77.0,16.0,
nota,7.756049507441868,350.0,340.0,invoice
aconteceu,7.727839120776131,85.0,27.0,
mal,7.690139255113152,80.0,22.0,
avaliar,7.6486413947440015,107.0,51.0,
tentando,7.604376635169148,77.0,8.0,
cartucho,7.535933229956325,83.0,28.0,
enviei,7.510883789136812,90.0,5.0,
tenho,7.450115288525039,211.0,172.0,
enviado,7.43418221511077,98.0,45.0,
tentei,7.38050179994908,74.0,7.0,
trocar,7.361517270784963,95.0,43.0,
solução,7.348395709529493,97.0,4.0,
nenhum,7.317299203620729,157.0,111.0,
telefone,7.306186244207907,70.0,17.0,
caixa,7.255780421435123,180.0,139.0,
após,7.254854408618589,106.0,56.0,
cancelei,7.202988590183121,73.0,6.0,
onde,7.196027224052188,79.0,29.0,
vez,7.1569941774771655,190.0,153.0,
marca,7.129314102804622,80.0,31.0,
motivo,7.0821880081761615,69.0,20.0,
posso,7.024536222349302,113.0,67.0,
compra,6.984266493352256,849.0,1082.0,purchase
site,6.978858332129389,483.0,548.0,website
dar,6.931334299990644,88.0,42.0,
foram,6.917614807908507,126.0,83.0,
preto,6.88452906013076,68.0,22.0,
vieram,6.849358349859177,104.0,60.0,
três,6.828587090015383,72.0,27.0,
baixa,6.797937995583691,59.0,12.0,
propaganda,6.783137920815282,63.0,18.0,advertised
solicito,6.775662746527023,74.0,4.0,
urgente,6.772553488771259,62.0,6.0,
falar,6.759496442286348,74.0,30.0,
encomenda,6.744516991184679,109.0,67.0,
dizendo,6.734106057434543,58.0,12.0,
cancelado,6.733515190058549,59.0,7.0,
metade,6.696291217246192,57.0,11.0,
mensagem,6.684607069962655,58.0,7.0,
estorno,6.668050009336411,86.0,3.0,
tarde,6.662913264174172,65.0,22.0,
diz,6.609885595566765,74.0,32.0,
houve,6.6068733344698245,96.0,55.0,
casa,6.455927603517097,134.0,100.0,
enviar,6.441625134451132,55.0,14.0,
peças,6.393600905852515,79.0,40.0,
dessa,6.3850234422168555,76.0,37.0,
realizei,6.350043695971273,53.0,13.0,
faço,6.3080204867872665,76.0,38.0,
proceder,6.216847681603583,49.0,9.0,
consegui,6.201322337920886,64.0,27.0,
total,6.199452137364968,63.0,26.0,
incompleto,6.18144312205446,56.0,4.0,
pagamento,6.165264605818909,79.0,43.0,
tipo,6.114451493667751,61.0,25.0,
kits,6.08244756115025,47.0,7.0,
retirar,6.067442551064219,74.0,39.0,
meses,6.05173701574477,47.0,10.0,
efetuei,6.047884332401606,49.0,13.0,
havia,6.040453727720878,84.0,50.0,
código,6.0301844216496345,48.0,12.0,
previsão,6.028767137593977,82.0,48.0,
insatisfeita,6.025061540312581,85.0,2.0,
quebrada,5.991723667056492,50.0,15.0,
consumidor,5.980475179015702,72.0,38.0,
parte,5.975801624851694,95.0,63.0,
peço,5.968723463017407,48.0,13.0,
reembolso,5.935937145140759,80.0,2.0,refund
capa,5.896415182154946,108.0,79.0,
horrível,5.89522418030207,49.0,4.0,horrible
chateada,5.892146208523824,44.0,8.0,
jogo,5.871937393324119,64.0,31.0,
segundo,5.860040871075702,59.0,26.0,
produtos,5.8553748246558195,478.0,584.0,
impressora,5.8530442112864,45.0,11.0,
original,5.833508155906466,159.0,142.0,
emitida,5.80393834513104,43.0,6.0,
película,5.7764526977239665,78.0,47.0,
rastreamento,5.768020326697483,56.0,24.0,
situação,5.750011222491671,42.0,8.0,
cadeiras,5.682168419101287,42.0,5.0,
liguei,5.675266487306469,50.0,3.0,
cartuchos,5.644925542441213,45.0,14.0,
funciona,5.640119088798422,123.0,101.0,
buscar,5.638124440304246,68.0,38.0,
lannister,5.625194553043027,501.0,627.0,
efetuar,5.620735259407031,40.0,7.0,
ficar,5.604080849848486,60.0,30.0,
disponível,5.564194589431291,40.0,5.0,
lençol,5.556480397599677,44.0,14.0,
disseram,5.511775654704044,41.0,4.0,
residência,5.500705920112789,55.0,26.0,
venda,5.486396299260644,70.0,42.0,
pior,5.4610175484461205,58.0,2.0,
desde,5.460903327823819,77.0,50.0,
reais,5.458545842874338,40.0,4.0,
vendido,5.40548942536037,37.0,6.0,
espera,5.38283099337352,44.0,16.0,wait
erro,5.378953387085024,43.0,15.0,
demorando,5.375582797579534,37.0,5.0,
vão,5.363568446165432,37.0,8.0,
quantidade,5.363568446165432,37.0,8.0,
branco,5.331350160373338,38.0,10.0,
avaliação,5.323778283191207,56.0,29.0,
faltou,5.314818318407744,85.0,61.0,was missing
caso,5.312867674558019,53.0,26.0,
ocorrido,5.309276524782636,36.0,5.0,
sido,5.30853603405583,68.0,42.0,
mesma,5.30397756609251,84.0,60.0,
abrir,5.290505967867369,44.0,17.0,
comigo,5.290505967867369,44.0,17.0,
crédito,5.290330864711951,37.0,4.0,
rastreio,5.287662501208756,43.0,16.0,
nome,5.287662501208756,43.0,16.0,
informando,5.273996727576747,40.0,13.0,
esperar,5.2558167714998,38.0,11.0,
cadeira,5.234653536166631,69.0,44.0,
recebemos,5.19769836608721,45.0,19.0,
completo,5.194653351941707,35.0,8.0,
frete,5.143204540030645,192.0,200.0,
devo,5.106693125413397,34.0,8.0,
pagar,5.105787884812863,47.0,22.0,
fora,5.102801432697862,96.0,77.0,
possível,5.096091928689739,43.0,18.0,
feito,5.089349993900007,95.0,76.0,
rosa,5.0805505626355565,38.0,13.0,
mes,5.071457533001195,33.0,7.0,
aparece,5.0663215083213515,36.0,11.0,
simplesmente,5.058252951657374,57.0,33.0,
danificado,5.054903734090928,35.0,10.0,damaged
abri,5.029372485887479,52.0,28.0,
natal,4.990060450441596,40.0,16.0,
pacote,4.987444092200419,39.0,15.0,
entrou,4.980380208541372,37.0,13.0,
foto,4.937540906855081,198.0,213.0,
completamente,4.923121253453022,32.0,8.0,
cortinas,4.923121253453022,32.0,8.0,
vidro,4.910291125221703,47.0,24.0,
estar,4.902724546072182,45.0,22.0,
algo,4.8964624811054245,43.0,20.0,
verdade,4.893752281039291,42.0,19.0,
mandar,4.881256007651625,37.0,14.0,
informar,4.881256007651625,37.0,14.0,
tinta,4.881256007651625,37.0,14.0,
usado,4.881256007651625,37.0,14.0,
alguma,4.877771612888126,36.0,13.0,
procon,4.86936680794236,39.0,2.0,
solicitação,4.866936977615825,34.0,11.0,
difícil,4.866936977615825,34.0,11.0,
transtorno,4.858118860848535,33.0,10.0,
peça,4.834468174703736,51.0,29.0,
meus,4.808287456855039,94.0,79.0,
desta,4.802461299261988,45.0,23.0,
base,4.788387186635594,41.0,19.0,
parceiro,4.750440320130916,62.0,42.0,
pedidos,4.725317935432383,49.0,28.0,
será,4.718847572490059,48.0,27.0,
preta,4.6967124577417145,44.0,23.0,
azul,4.6967124577417145,44.0,23.0,
cabo,4.620749662856098,48.0,28.0,
porem,4.596507270585619,89.0,76.0,
tela,4.5749553637035865,40.0,20.0,
além,4.562131028896145,120.0,116.0,
verificar,4.561836234460759,36.0,16.0,
controle,4.520169514374298,57.0,39.0,
insatisfeito,4.50773558974653,54.0,1.0,
desse,4.479339081620593,42.0,23.0,
mim,4.475811247861622,72.0,57.0,
tendo,4.443131660821453,33.0,14.0,
pendentes,4.434253833228313,30.0,11.0,
recebo,4.406501436391103,46.0,28.0,
quer,4.336023490604045,35.0,17.0,
teria,4.336023490604045,35.0,17.0,
cidade,4.326519263881623,32.0,14.0,
iguais,4.3238801930328155,31.0,13.0,
tivesse,4.321191243365689,30.0,12.0,
cliente,4.320215851582432,161.0,176.0,
desejar,4.303406968187805,54.0,38.0,
fornecedor,4.2964745939492515,75.0,63.0,
diferentes,4.28731588563047,44.0,27.0,
falsificado,4.271901107731456,43.0,1.0,
deve,4.2332960035394676,37.0,20.0,
entanto,4.227546895494378,36.0,19.0,
celular,4.224724148443498,66.0,53.0,
rastrear,4.209964660678666,32.0,15.0,
sistema,4.203950631071732,30.0,13.0,
carregador,4.201250061396595,29.0,12.0,
suporte,4.195728965734973,45.0,29.0,
informações,4.185099192431198,52.0,37.0,
seria,4.150734605845536,83.0,75.0,
segunda,4.127618344731553,60.0,47.0,
toalhas,4.114519444830816,36.0,20.0,
deveria,4.0860628931873695,97.0,94.0,
número,4.077716590302149,28.0,12.0,
lugar,4.071565081048965,43.0,28.0,
entregam,4.0287825743011245,39.0,24.0,
fica,4.0193064824882,72.0,63.0,
recebimento,3.9686853937253437,43.0,29.0,
vários,3.9202432104675897,39.0,25.0,
logo,3.880453474827016,44.0,31.0,
ontem,3.8690336254913755,34.0,20.0,
disso,3.86624115572279,43.0,30.0,
stark,3.852549355585029,136.0,151.0,
medidas,3.8384024194285784,30.0,16.0,
colcha,3.8324848850484443,29.0,15.0,
vocês,3.817376472556905,96.0,97.0,
outros,3.808779757771406,65.0,57.0,
embalagem,3.766214829808317,163.0,191.0,packaging
fraco,3.7525507409370213,34.0,21.0,
cima,3.7230249465692533,31.0,18.0,
bebê,3.7144871893486378,30.0,17.0,
transportadora,3.6967425947208477,45.0,34.0,carrier
noite,3.6133597162178632,40.0,29.0,
opinião,3.580312696067016,44.0,34.0,
agência,3.56300146094143,27.0,15.0,
horas,3.56300146094143,27.0,15.0,
deveriam,3.5503345554888397,36.0,25.0,
entregues,3.5087002918499635,62.0,57.0,
qualquer,3.507154662842136,50.0,42.0,
plástico,3.4378436767843357,51.0,44.0,
varias,3.4223367944982312,26.0,15.0,
pessoa,3.3659044765874113,38.0,29.0,
junto,3.351435751282889,47.0,40.0,
demorou,3.3500410497973463,124.0,144.0,
pedir,3.314801769534108,28.0,18.0,
venho,3.314801769534108,28.0,18.0,
hora,3.314609188574872,57.0,53.0,
deste,3.2912356271015524,34.0,25.0,
tampa,3.273082772813753,33.0,24.0,
imagem,3.2237940073334346,60.0,58.0,
mostra,3.2204191511858773,30.0,21.0,
inclusive,3.218344697349727,36.0,28.0,
dificuldade,3.1872790878679584,28.0,19.0,
mesa,3.1872790878679584,28.0,19.0,
enviou,3.1777508837033888,34.0,26.0,
porta,3.14177505004309,25.0,16.0,
cobrado,3.0794304041553366,29.0,21.0,
fato,3.0606087835717166,28.0,20.0,
longo,3.0442976748897532,42.0,37.0,
aparelho,2.9384342016500185,52.0,51.0,
cada,2.9300383870439335,45.0,42.0,
vcs,2.916566233409426,96.0,112.0,
caro,2.9088725301602834,71.0,77.0,
primeiro,2.9058510802562676,32.0,26.0,
fino,2.9058510802562676,32.0,26.0,
fez,2.8932133514233467,26.0,19.0,
portanto,2.8932133514233467,26.0,19.0,
numa,2.85294692752854,24.0,17.0,
relogio,2.843096014278021,34.0,29.0,
via,2.843096014278021,34.0,29.0,
primeira,2.813052205193104,112.0,137.0,
parece,2.7770745931680447,104.0,126.0,
demorado,2.740174235535713,25.0,19.0,
nessa,2.7169512345264044,44.0,43.0,
luminária,2.6944658979846006,23.0,17.0,
água,2.6944658979846006,23.0,17.0,
bateria,2.687407684869834,28.0,23.0,
devido,2.624535920669264,47.0,48.0,
claro,2.5828678693573757,24.0,19.0,
impressão,2.55690551251802,23.0,18.0,
recebido,2.5546090397893297,108.0,136.0,
frágil,2.5336857264515653,41.0,41.0,
efetuada,2.421081003479032,23.0,19.0,
demorada,2.421081003479032,23.0,19.0,
recomendar,2.421081003479032,23.0,19.0,
várias,2.379405264224712,33.0,32.0,
vezes,2.3561344505753516,86.0,107.0,
chegado,2.3513329004377916,25.0,22.0,
fosse,2.3475060107074355,59.0,68.0,
pelos,2.3119881692007906,40.0,42.0,
coisa,2.3111918094133106,48.0,53.0,
internet,2.2936599787662817,50.0,56.0,
teve,2.2931917409830676,27.0,25.0,
estamos,2.2871300912712567,23.0,20.0,
envio,2.285761288810992,64.0,76.0,
funcionou,2.278101487555447,39.0,41.0,
semanas,2.254586759256616,22.0,19.0,
colocar,2.252568252128307,41.0,44.0,
amassada,2.238166287622115,32.0,32.0,
parceiros,2.238166287622115,32.0,32.0,
papel,2.20289288140357,31.0,31.0,
corresponde,2.1670470063157667,30.0,30.0,
pendente,2.1374939770528587,26.0,25.0,
acredito,2.1113477056286607,37.0,40.0,
deixa,2.1007448396142294,34.0,36.0,
cumprido,2.0632891911946962,24.0,23.0,
tapete,2.019078741921935,58.0,71.0,
assim,1.975521531356685,133.0,186.0,
demais,1.9731536400207241,63.0,79.0,
defeitos,1.8973079548166891,23.0,23.0,
adquirido,1.8973079548166891,23.0,23.0,
enquanto,1.8666857944026816,28.0,30.0,
fico,1.8401242432549891,30.0,33.0,
fotos,1.8248952183133145,27.0,29.0,
recomendaria,1.8014270099938574,41.0,49.0,
cortina,1.7718278421484872,69.0,91.0,
muitos,1.7691897912565941,20.0,20.0,
deixou,1.7315925835287143,37.0,44.0,
novo,1.690204910439268,36.0,43.0,
ver,1.656560526885049,54.0,70.0,
relógio,1.6532509714256034,156.0,230.0,
culpa,1.6477836557509293,23.0,25.0,
algum,1.5534069966134438,35.0,43.0,
conta,1.5476800764241818,37.0,46.0,
responsabilidade,1.5261371358716884,23.0,26.0,
cama,1.5162700686225832,32.0,39.0,
adquiri,1.5022806991209876,20.0,22.0,
surpresa,1.4508099177342877,19.0,21.0,
cores,1.3926651362153086,25.0,30.0,
menos,1.3796960077309626,58.0,80.0,
pulseira,1.3726615510806002,20.0,23.0,
anuncio,1.3726050498439082,56.0,77.0,
chega,1.3726050498439082,56.0,77.0,
você,1.3181667880616696,19.0,22.0,
num,1.3009471980120073,21.0,25.0,
parceira,1.2889811033194105,23.0,28.0,
quem,1.2632947130589594,55.0,77.0,
perfume,1.2233699111105474,30.0,39.0,
melhorar,1.1788144061654915,21.0,26.0,
precisa,1.1727072998393682,29.0,38.0,
tecido,1.1525167607041191,47.0,66.0,
direito,1.1287842340615444,18.0,22.0,
menor,1.112224336401524,53.0,76.0,
semana,1.080623741904594,59.0,86.0,
tão,1.0302989247446415,39.0,55.0,
queria,1.0005981846765697,57.0,84.0,
úteis,0.9987519264208858,20.0,26.0,
responsável,0.9987126114630236,18.0,23.0,
dizer,0.9413135888623694,21.0,28.0,
chegaram,0.9298294188775589,52.0,77.0,they arrived
nesse,0.8880165839146014,22.0,30.0,
pode,0.88692914037005,51.0,76.0,
transporte,0.8513806854978386,25.0,35.0,
irei,0.8258503730924661,21.0,29.0,
tenha,0.8142235160332044,19.0,26.0,
baixo,0.8142235160332044,19.0,26.0,
extremamente,0.7918187971341043,24.0,34.0,
vem,0.7545640304478707,59.0,91.0,
algumas,0.7469359418303488,18.0,25.0,
atrasou,0.7469359418303488,18.0,25.0,
embora,0.7125110038153448,21.0,30.0,
marcado,0.6768120930957378,17.0,24.0,
dei,0.6768120930957378,17.0,24.0,
americana,0.6679230481381849,27.0,40.0,
proteção,0.6012430447479618,21.0,31.0,
quanto,0.5645765954399614,62.0,99.0,
capinha,0.5526128756484926,17.0,25.0,
garantia,0.5526128756484926,17.0,25.0,
entre,0.5198309716134875,23.0,35.0,
entregue,0.493178153821149,1237.0,2127.0,delivered
compromisso,0.4827303965225934,24.0,37.0,
acho,0.4372730375932926,72.0,118.0,
pensei,0.422312431827281,20.0,31.0,
tanto,0.41663047947430315,38.0,61.0,
prazos,0.3890651199530289,18.0,28.0,
mercado,0.35320755500748646,16.0,25.0,
montagem,0.34941291301753263,22.0,35.0,
simples,0.2924555586823023,40.0,66.0,
solicitado,0.25357932125946064,35.0,58.0,
alto,0.23961691201932386,19.0,31.0,
compro,0.23436805559567062,136.0,232.0,
poder,0.14858836275317602,15.0,25.0,
vindo,0.14858836275317602,15.0,25.0,
descaso,0.14443812782638935,44.0,0.0,
providências,0.1394267260594866,41.0,0.0,
enganosa,0.1377157547471651,40.0,0.0,
instalação,0.08272030817167428,17.0,29.0,
forma,0.06459231887946802,48.0,83.0,
meio,0.047795972437480995,22.0,38.0,
relação,0.019301415307604517,31.0,54.0,
manual,0.01692710616058069,39.0,68.0,
excelentes,-0.1277887499379649,0.0,41.0,
amo,-0.1308686154438372,0.0,43.0,
continuem,-0.1308686154438372,0.0,43.0,
ótimas,-0.13826853612388254,0.0,48.0,
causa,-0.15973154635081777,18.0,33.0,
uso,-0.16926060535393653,55.0,99.0,
som,-0.18011428718320244,14.0,26.0,
adorou,-0.18072558728713772,0.0,82.0,
show,-0.18400221939425843,0.0,85.0,
processo,-0.19423537844075936,34.0,62.0,
direitinho,-0.19656354953574218,0.0,97.0,
entregas,-0.23810254492114738,27.0,50.0,
outras,-0.2511398137509665,52.0,95.0,
cuidado,-0.2741277217396624,24.0,45.0,
avarias,-0.29591141526886255,14.0,27.0,
seguinte,-0.29591141526886255,14.0,27.0,
dado,-0.29876361109140154,20.0,38.0,
lojas,-0.3170729425251055,132.0,239.0,
vale,-0.4054641754940341,60.0,112.0,
imaginei,-0.4505654308456302,17.0,34.0,
pequeno,-0.48336411247881655,51.0,97.0,
usar,-0.4914396837132335,46.0,88.0,
apesar,-0.49790067670717486,69.0,130.0,
especificado,-0.5190850589812046,14.0,29.0,
alguns,-0.5911762597727311,21.0,43.0,
compraria,-0.6200323436816348,24.0,49.0,
chego,-0.6266915316783497,14.0,30.0,
segurança,-0.6339988693980917,15.0,32.0,
neste,-0.6339988693980917,15.0,32.0,
sucesso,-0.6490827091853901,17.0,36.0,
vir,-0.6723032154919941,20.0,42.0,
poderiam,-0.8347348494648101,12.0,28.0,
anúncio,-0.905496756361198,76.0,151.0,
anos,-0.9652178433144556,29.0,63.0,
reclamar,-1.0051542419704698,38.0,81.0,
clientes,-1.0351424839585337,28.0,62.0,
tamanho,-1.0415536849565508,66.0,135.0,
deu,-1.0656668113947518,61.0,126.0,
mochila,-1.0696845576861165,38.0,82.0,
descrição,-1.0769612981802212,81.0,164.0,
barato,-1.1056012567796336,20.0,47.0,
novamente,-1.1245194856286886,35.0,77.0,
grande,-1.138218655515613,54.0,114.0,
realizada,-1.1821143398444383,30.0,68.0,
pessoas,-1.2597744752546136,11.0,30.0,
experiência,-1.2597744752546136,11.0,30.0,
informado,-1.337491682231186,47.0,104.0,
nesta,-1.3495976234773102,20.0,50.0,
pequena,-1.455045969567945,17.0,45.0,
atenção,-1.4581602849820727,29.0,70.0,
ficou,-1.4921416092692004,68.0,148.0,
bolsa,-1.5389391047939784,26.0,65.0,
são,-1.5780497296060916,131.0,271.0,
feita,-1.6344092551585663,68.0,151.0,
seus,-1.6582490952779487,20.0,54.0,
podem,-1.6842802235871266,13.0,39.0,
única,-1.6842802235871266,13.0,39.0,
greve,-1.692177084320382,24.0,63.0,
certa,-1.7289680164055667,15.0,44.0,
acabado,-1.7583070439407622,10.0,33.0,
grata,-1.7583070439407622,10.0,33.0,
normal,-1.7583070439407622,10.0,33.0,
especificações,-1.7742604539900753,17.0,49.0,
aprovado,-1.7922542034907618,12.0,38.0,
funcionando,-1.8261881137954319,33.0,84.0,
cumpriu,-1.9538250365951861,25.0,69.0,
ocorreu,-1.9808609538792699,37.0,95.0,
baratheon,-2.1315739733931793,76.0,178.0,
único,-2.157849895022647,20.0,61.0,
maior,-2.1788858067795767,41.0,107.0,
testar,-2.2430012219390747,13.0,46.0,
comprarei,-2.27387006078516,21.0,65.0,
necessidade,-2.2991487831892217,9.0,37.0,
igual,-2.324361713870503,43.0,114.0,
estrelas,-2.3393125503308183,8.0,35.0,
antecedência,-2.460612277372056,7.0,34.0,
loja,-2.4742094902850504,727.0,1422.0,store
problemas,-2.518465854951465,94.0,224.0,
resto,-2.610777021373114,7.0,36.0,
aparentemente,-2.632188219833271,12.0,49.0,
comprando,-2.7348349847005786,11.0,48.0,
geral,-2.7535266832951337,7.0,38.0,
final,-2.783756176071054,18.0,66.0,
montar,-2.8642389277240414,13.0,55.0,
atendido,-2.865602028412252,15.0,60.0,
correta,-2.885415460040652,24.0,82.0,
data,-2.8970771148518857,210.0,467.0,
achei,-2.9080635002674655,127.0,302.0,
tempo,-2.9292637481152264,144.0,337.0,
filha,-2.9974092630950193,24.0,84.0,
trabalho,-3.006994245585473,21.0,77.0,
entregou,-3.0786354491230488,122.0,297.0,
confiança,-3.195516333853731,16.0,68.0,
atendida,-3.215614638007365,10.0,53.0,
amigos,-3.253751143469887,3.0,37.0,
espectativas,-3.256797616708306,1.0,47.0,
segura,-3.2616871517059294,5.0,41.0,
promete,-3.2746710050278365,10.0,54.0,
beneficio,-3.299459519269744,1.0,49.0,
voltarei,-3.316870829817359,5.0,42.0,
facil,-3.325988892289555,2.0,39.0,
brinde,-3.3629734239907076,2.0,40.0,
filho,-3.364546659251282,16.0,71.0,
equipe,-3.3707993716234235,5.0,43.0,
imaginava,-3.3707993716234235,5.0,43.0,
lindos,-3.4718814222072836,1.0,58.0,
lacrado,-3.4805440799195115,3.0,42.0,
preços,-3.4805440799195115,3.0,42.0,
lindas,-3.4893431112867543,1.0,59.0,
embalada,-3.511229670367438,6.0,48.0,
alta,-3.521147320571598,4.0,44.0,
pontual,-3.534957627475783,2.0,45.0,
eficiência,-3.5399873730334166,1.0,62.0,
prático,-3.6037899253836603,1.0,66.0,
ordem,-3.6037899253836603,1.0,66.0,
necessidades,-3.6234071012105247,5.0,48.0,
rapidamente,-3.64340372327545,3.0,46.0,
justo,-3.64340372327545,3.0,46.0,
exelente,-3.6592115499561904,2.0,49.0,
estimado,-3.6618757818696626,10.0,61.0,
boas,-3.7565215753991743,3.0,49.0,
amou,-3.7740696802302534,1.0,78.0,
ótimos,-3.8008726952525635,2.0,54.0,
jeito,-3.807199410347682,17.0,82.0,
bons,-3.825907008046772,4.0,51.0,
cumpre,-3.8502393600615332,19.0,88.0,
instalei,-3.8515385295459557,5.0,53.0,
poderia,-3.8672595302156596,43.0,147.0,
agradeço,-3.913851742727749,10.0,66.0,
acabamento,-3.936301813097488,44.0,151.0,
recomendado,-3.962891950796772,8.0,62.0,
surpreendeu,-3.9633197212136357,3.0,55.0,
benefício,-3.963936225273769,1.0,94.0,
atende,-3.9838868343787026,27.0,111.0,
legal,-3.9875605915174726,9.0,65.0,
confortável,-4.027250197769734,3.0,57.0,
leve,-4.0802291317716595,9.0,67.0,
top,-4.123646858311738,1.0,110.0,
usei,-4.142878104867971,17.0,89.0,
adoro,-4.157651457322388,2.0,69.0,
material,-4.242484756352302,110.0,308.0,
seguro,-4.2626953199939095,4.0,63.0,
determinado,-4.300800653006147,9.0,72.0,
vendedor,-4.335962355058217,134.0,363.0,seller
parabens,-4.3826939733461945,1.0,142.0,congratulations
realmente,-4.411949032412814,17.0,95.0,
pontualidade,-4.437397587957729,7.0,71.0,
compras,-4.672422483955836,60.0,208.0,
prometido,-4.682221455228253,23.0,117.0,
anunciado,-4.726625741119215,73.0,240.0,advertised
produto,-4.766561992396344,5356.0,10091.0,product
descrito,-4.858791483321518,31.0,142.0,
rapida,-4.901252510000381,1.0,237.0,fast
otima,-4.913974230827011,1.0,240.0,
valeu,-4.953594449663311,9.0,89.0,
fiquei,-5.055730388053602,106.0,326.0,
gosto,-5.100052388866636,15.0,107.0,
agilidade,-5.174430291783976,7.0,93.0,
testei,-5.261157412271725,6.0,96.0,
perfeitamente,-5.3851253652824,3.0,122.0,
superou,-5.410291396707518,2.0,164.0,
resistente,-5.439433247276139,6.0,103.0,
estabelecido,-5.488144164078424,6.0,105.0,
expectativa,-5.496378300511063,8.0,105.0,
maravilhoso,-5.520149915528758,2.0,177.0,
certeza,-5.706922797372854,18.0,132.0,
mto,-5.713889812957243,10.0,115.0,
perfeitas,-5.76610827569792,2.0,210.0,
feliz,-5.88829305716636,5.0,128.0,
eficiente,-6.052312367523725,4.0,150.0,
serviço,-6.174198991701996,36.0,193.0,
confiável,-6.174584824336101,9.0,132.0,
pena,-6.19909544681095,28.0,173.0,
bastante,-6.3311040885641665,14.0,144.0,
bonita,-6.376154637040083,13.0,144.0,
perfeita,-6.44053831180686,8.0,145.0,
indico,-6.633634047936837,25.0,180.0,
corretamente,-6.682409035729713,41.0,223.0,
custo,-6.728455871847764,8.0,160.0,
acordo,-6.84242153447617,26.0,190.0,
fácil,-7.040352681113315,6.0,194.0,
esperava,-7.0691909644139415,60.0,286.0,
rapidez,-7.212749440647161,7.0,196.0,
melhor,-7.428994492078961,64.0,310.0,
prevista,-7.500397269374183,39.0,248.0,
rapido,-7.582044361176685,13.0,199.0,fast
pouco,-7.867231724562547,53.0,299.0,
linda,-8.019914877155939,8.0,249.0,
amei,-8.340953739796353,3.0,651.0,
atendeu,-8.370595748190247,11.0,253.0,
exatamente,-8.477976837967407,13.0,253.0,
estipulado,-8.539954319975715,19.0,253.0,
condições,-9.029664584597114,19.0,282.0,
minhas,-9.040148581042702,50.0,343.0,
combinado,-9.273808442534651,22.0,298.0,
correto,-9.67364322032308,71.0,428.0,
preço,-10.10142351259284,71.0,450.0,
comprar,-10.221238122786572,159.0,682.0,
adorei,-10.427819696684907,6.0,749.0,
expectativas,-10.480526146080438,22.0,382.0,
obrigada,-10.49762461300914,30.0,383.0,
certinho,-10.509175784793932,14.0,424.0,
esperado,-10.63497410213605,20.0,399.0,
lindo,-10.637396922882264,9.0,559.0,
bonito,-10.674634914393321,23.0,396.0,
estado,-10.730340090076512,19.0,411.0,
otimo,-10.885572141692665,9.0,606.0,excellent
obrigado,-11.123370584461789,31.0,428.0,thank you
atendimento,-11.16862260913042,95.0,571.0,
satisfeito,-11.64301592495963,15.0,550.0,satisfied
parabéns,-12.133942282348256,9.0,910.0,
sempre,-12.246178264234853,125.0,714.0,
conforme,-12.721682389573566,117.0,724.0,
ótima,-12.788626583926714,12.0,858.0,
perfeito,-13.250670896458429,13.0,914.0,perfect
satisfeita,-13.440778192566377,30.0,643.0,
certo,-14.28064601687607,77.0,741.0,correct
embalado,-14.344491238660193,44.0,711.0,
previsto,-15.071682953668708,54.0,783.0,
ótimo,-15.26399452987097,12.0,1722.0,excellent
excelente,-15.607831964636373,13.0,1728.0,excellent
boa,-15.633521298329509,150.0,1023.0,good
rápido,-15.722979375330011,36.0,905.0,fast
rápida,-16.721872069406015,23.0,1340.0,
gostei,-17.301716330697516,255.0,1434.0,
dentro,-17.524087285691866,142.0,1170.0,
qualidade,-20.255984561273042,419.0,2138.0,quality
super,-20.831957260554162,67.0,1558.0,very
chegou,-21.208692387470816,1105.0,3915.0,arrived
entrega,-22.65373220925818,1299.0,4546.0,delivery
tudo,-24.308488282680116,109.0,2048.0,
recomendo,-33.49376075426326,338.0,3847.0,I recommend
bom,-33.75600419697519,210.0,3897.0,good
antes,-37.70447146224642,182.0,5242.0,before
prazo,-43.797499887587286,852.0,6970.0,deadline
